Tracking_ID,Order_ID,Address_ID,Delivery_Date,Delivery_Status
1,1,1,2023-01-16,Delivered
2,2,2,2023-02-11,Delivered
3,3,4,2023-04-21,Postponed
4,4,2,2023-03-06,Delivered
5,5,2,2023-08-20,Delivered
6,6,5,2023-05-24,Cancelled
7,7,6,2023-06-18,Delivered
8,8,6,2023-09-10,Delivered
9,9,8,2023-10-15,Pending
10,10,10,2023-11-04,Delivered
11,11,10,2023-12-02,Delivered
12,12,11,2023-01-26,Delivered
13,13,13,2023-03-01,Delivered
14,14,17,2023-03-12,Delivered
15,15,17,2023-04-16,Delivered
16,16,8,2023-05-20,Delivered
17,17,8,2023-07-26,Delivered
18,18,15,2023-07-01,Delivered
19,19,18,2023-08-06,Delivered
20,20,6,2023-09-14,Delivered
21,21,4,2023-10-21,Delivered
22,22,4,2023-11-12,Delivered
23,23,4,2023-12-23,Delivered
24,24,13,2023-01-08,Delivered
25,25,10,2023-03-10,Delivered
26,26,2,2023-06-19,Delivered
27,27,8,2023-08-22,Delivered
28,28,17,2023-11-30,Delivered
29,29,6,2023-12-06,Delivered
30,30,17,2023-09-18,Delivered
